isolated_labels	nmi_ari_cluster_labels_kmeans_nmi	nmi_ari_cluster_labels_kmeans_ari	silhouette_label	clisi_knn	silhouette_batch_b	ilisi_knn_b	kbet_per_label_b	pcr_comparison_b	silhouette_batch_m	ilisi_knn_m	kbet_per_label_m	graph_connectivity	pcr_comparison_m	Batch correction	Bio conservation	Modality integration	Total
0.6416491270065308	0.7204023070657589	0.5217746174794563	0.6432584971189499	0.9999999701976776	0.9178778529167175	0.420979380607605	0.306189467919659	0.07803659832262737	0.8071964979171753	0.5412490367889404	0.2983498195705364	0.8728486252582145	0.9899531470498258	0.43077082494165225	0.7054169037736747	0.7019194253169385	0.6219738365870471
