isolated_labels	nmi_ari_cluster_labels_kmeans_nmi	nmi_ari_cluster_labels_kmeans_ari	silhouette_label	clisi_knn	silhouette_batch_b	ilisi_knn_b	kbet_per_label_b	pcr_comparison_b	silhouette_batch_m	ilisi_knn_m	kbet_per_label_m	graph_connectivity	pcr_comparison_m	Batch correction	Bio conservation	Modality integration	Total
0.6850978136062622	0.7474004085226523	0.5620497716057354	0.6849117875099182	0.999999980131785	0.8944626450538635	0.4515035152435303	0.3173603433385552	0.0	0.8643280267715454	0.6756243705749512	0.429301226709033	0.9525654273093037	0.9892130299624339	0.41583162590898726	0.7358919522752706	0.7822064162654534	0.6537681935624404
