isolated_labels	nmi_ari_cluster_labels_kmeans_nmi	nmi_ari_cluster_labels_kmeans_ari	silhouette_label	clisi_knn	silhouette_batch_b	ilisi_knn_b	kbet_per_label_b	pcr_comparison_b	silhouette_batch_m	ilisi_knn_m	kbet_per_label_m	graph_connectivity	pcr_comparison_m	Batch correction	Bio conservation	Modality integration	Total
0.6772082448005676	0.7248451284578987	0.53990865685658	0.6575646847486496	0.999999980131785	0.9081668257713318	0.4105408787727356	0.332630771117256	0.0	0.859961211681366	0.6747831106185913	0.3886607361719098	0.9263267635735409	0.9879075748931352	0.41283461891533085	0.7199053389990961	0.7675278793877086	0.6420708850905503
