isolated_labels	nmi_ari_cluster_labels_kmeans_nmi	nmi_ari_cluster_labels_kmeans_ari	silhouette_label	clisi_knn	silhouette_batch_b	ilisi_knn_b	kbet_per_label_b	pcr_comparison_b	silhouette_batch_m	ilisi_knn_m	kbet_per_label_m	graph_connectivity	pcr_comparison_m	Batch correction	Bio conservation	Modality integration	Total
0.6768893003463745	0.7558343358606059	0.5986583581109609	0.6509082913398743	0.999999980131785	0.9072921276092529	0.4344167709350586	0.32762054353110504	0.0	0.8731133341789246	0.6337480545043945	0.4254220877868822	0.95435814399328	0.9896936569226055	0.41733236051885414	0.7364580531579201	0.7752670554772174	0.6523630460619895
