isolated_labels	nmi_ari_cluster_labels_kmeans_nmi	nmi_ari_cluster_labels_kmeans_ari	silhouette_label	clisi_knn	silhouette_batch_b	ilisi_knn_b	kbet_per_label_b	pcr_comparison_b	silhouette_batch_m	ilisi_knn_m	kbet_per_label_m	graph_connectivity	pcr_comparison_m	Batch correction	Bio conservation	Modality integration	Total
0.6672191619873047	0.713713947879448	0.5554657823103126	0.6497965902090073	0.9999999701976776	0.9117103219032288	0.4241560697555542	0.3386638894076392	0.0	0.891340970993042	0.6535654067993164	0.4475777102685793	0.9491959337274948	0.9885993270746662	0.41863257026660555	0.71723909051675	0.7860558697726198	0.6483021682184675
