isolated_labels	nmi_ari_cluster_labels_kmeans_nmi	nmi_ari_cluster_labels_kmeans_ari	silhouette_label	clisi_knn	silhouette_batch_b	ilisi_knn_b	kbet_per_label_b	pcr_comparison_b	silhouette_batch_m	ilisi_knn_m	kbet_per_label_m	graph_connectivity	pcr_comparison_m	Batch correction	Bio conservation	Modality integration	Total
0.6798804998397827	0.7692086890503956	0.6147312668482647	0.659542053937912	0.999999980131785	0.905181884765625	0.43248510360717773	0.3369759717530656	0.0	0.8630549907684326	0.611483097076416	0.4003492381397053	0.9453845180626119	0.9887784321352007	0.4186607400314671	0.744672497961628	0.7618100552364734	0.6520102377650334
