isolated_labels	nmi_ari_cluster_labels_kmeans_nmi	nmi_ari_cluster_labels_kmeans_ari	silhouette_label	clisi_knn	silhouette_batch_b	ilisi_knn_b	kbet_per_label_b	pcr_comparison_b	silhouette_batch_m	ilisi_knn_m	kbet_per_label_m	graph_connectivity	pcr_comparison_m	Batch correction	Bio conservation	Modality integration	Total
0.6658047437667847	0.7434217425963481	0.5660507131608818	0.6450329273939133	0.9999999701976776	0.9178764820098877	0.38309264183044434	0.2691572427110178	0.0	0.8824149370193481	0.42870330810546875	0.32096721735164	0.9503750860597262	0.9892344323114179	0.39253159163783746	0.7240620194231211	0.7143389961695201	0.6216859841114557
