isolated_labels	nmi_ari_cluster_labels_kmeans_nmi	nmi_ari_cluster_labels_kmeans_ari	silhouette_label	clisi_knn	silhouette_batch_b	ilisi_knn_b	kbet_per_label_b	pcr_comparison_b	silhouette_batch_m	ilisi_knn_m	kbet_per_label_m	graph_connectivity	pcr_comparison_m	Batch correction	Bio conservation	Modality integration	Total
0.6634742021560669	0.7544419424394313	0.5908929158888441	0.6471331119537354	0.999999980131785	0.9208739399909973	0.392409086227417	0.30176624346572406	0.0	0.8791599869728088	0.5450344085693359	0.39384023531021156	0.9509501014076611	0.9884524768853336	0.4037623174210346	0.7311884305139725	0.7514874418290702	0.6390502999806205
