isolated_labels	nmi_ari_cluster_labels_kmeans_nmi	nmi_ari_cluster_labels_kmeans_ari	silhouette_label	clisi_knn	silhouette_batch_b	ilisi_knn_b	kbet_per_label_b	pcr_comparison_b	silhouette_batch_m	ilisi_knn_m	kbet_per_label_m	graph_connectivity	pcr_comparison_m	Batch correction	Bio conservation	Modality integration	Total
0.672606885433197	0.7523207014428179	0.5764698260759044	0.6685377210378647	0.999999980131785	0.9068438410758972	0.4217272996902466	0.31967252410937314	0.013339403279756003	0.847381591796875	0.5169968605041504	0.346754640820007	0.9302656177788753	0.9896584333698096	0.41539576703881825	0.7339870228243137	0.7262114288539434	0.636076967897554
