isolated_labels	nmi_ari_cluster_labels_kmeans_nmi	nmi_ari_cluster_labels_kmeans_ari	silhouette_label	clisi_knn	silhouette_batch_b	ilisi_knn_b	kbet_per_label_b	pcr_comparison_b	silhouette_batch_m	ilisi_knn_m	kbet_per_label_m	graph_connectivity	pcr_comparison_m	Batch correction	Bio conservation	Modality integration	Total
0.6696671843528748	0.7360393612019572	0.5430584938572777	0.6521142423152924	0.999999980131785	0.9097766876220703	0.3919268846511841	0.3149308120012216	0.0	0.8616281151771545	0.6586133241653442	0.4148976219044191	0.9483164530436118	0.9915384027874036	0.404158596068619	0.7201758523718373	0.7749987834155867	0.6418175547939966
