isolated_labels	nmi_ari_cluster_labels_kmeans_nmi	nmi_ari_cluster_labels_kmeans_ari	silhouette_label	clisi_knn	silhouette_batch_b	ilisi_knn_b	kbet_per_label_b	pcr_comparison_b	silhouette_batch_m	ilisi_knn_m	kbet_per_label_m	graph_connectivity	pcr_comparison_m	Batch correction	Bio conservation	Modality integration	Total
0.6888082027435303	0.7605234589978641	0.5886930033794875	0.6804713606834412	0.999999980131785	0.9112978577613831	0.40019094944000244	0.32165051913761744	0.0	0.8721405863761902	0.5506556034088135	0.4005666477179372	0.9530753347004051	0.9885659601618858	0.4082848315847507	0.7436992011872217	0.7530008264730463	0.6458653778922278
