isolated_labels	nmi_ari_cluster_labels_kmeans_nmi	nmi_ari_cluster_labels_kmeans_ari	silhouette_label	clisi_knn	silhouette_batch_b	ilisi_knn_b	kbet_per_label_b	pcr_comparison_b	silhouette_batch_m	ilisi_knn_m	kbet_per_label_m	graph_connectivity	pcr_comparison_m	Batch correction	Bio conservation	Modality integration	Total
0.6709277033805847	0.7780505236593601	0.6485592023586082	0.6853574365377426	0.9999999701976776	0.8872050642967224	0.4236104488372803	0.3159617537214435	0.0	0.8253702521324158	0.5102498531341553	0.3420990531041197	0.9016488401963545	0.9879521731021209	0.4066943167138615	0.7565789672267946	0.7134640343338333	0.6386790922050263
