isolated_labels	nmi_ari_cluster_labels_kmeans_nmi	nmi_ari_cluster_labels_kmeans_ari	silhouette_label	clisi_knn	silhouette_batch_b	ilisi_knn_b	kbet_per_label_b	pcr_comparison_b	silhouette_batch_m	ilisi_knn_m	kbet_per_label_m	graph_connectivity	pcr_comparison_m	Batch correction	Bio conservation	Modality integration	Total
0.6926584243774414	0.7883074215565002	0.650565212362409	0.6875634491443634	0.999999980131785	0.9140444397926331	0.4005258083343506	0.3348719501701402	0.0	0.870969831943512	0.5599584579467773	0.3949768119663738	0.9437656554077716	0.987195234564824	0.412360549574281	0.7638188975144998	0.7513731983658518	0.6546476833878399
