isolated_labels	nmi_ari_cluster_labels_kmeans_nmi	nmi_ari_cluster_labels_kmeans_ari	silhouette_label	clisi_knn	silhouette_batch_b	ilisi_knn_b	kbet_per_label_b	pcr_comparison_b	silhouette_batch_m	ilisi_knn_m	kbet_per_label_m	graph_connectivity	pcr_comparison_m	Batch correction	Bio conservation	Modality integration	Total
0.6695429682731628	0.7371836685619649	0.5579004777607406	0.6497603803873062	0.999999980131785	0.9079819321632385	0.4241350293159485	0.33134534646020025	0.0	0.8976858854293823	0.666513204574585	0.45835573815589226	0.9464765686245926	0.9894912208412662	0.41586557698484683	0.7228774950229918	0.7917045235251436	0.6514220281621939
