{
  "isolated_labels": 0.6695429682731628,
  "nmi_ari_cluster_labels_kmeans_nmi": 0.7371836685619649,
  "nmi_ari_cluster_labels_kmeans_ari": 0.5579004777607406,
  "silhouette_label": 0.6497603803873062,
  "clisi_knn": 0.999999980131785,
  "silhouette_batch_b": 0.9079819321632385,
  "ilisi_knn_b": 0.4241350293159485,
  "kbet_per_label_b": 0.33134534646020025,
  "pcr_comparison_b": 0.0,
  "silhouette_batch_m": 0.8976858854293823,
  "ilisi_knn_m": 0.666513204574585,
  "kbet_per_label_m": 0.45835573815589226,
  "graph_connectivity": 0.9464765686245926,
  "pcr_comparison_m": 0.9894912208412662,
  "Batch correction": 0.41586557698484683,
  "Bio conservation": 0.7228774950229918,
  "Modality integration": 0.7917045235251436,
  "Total": 0.6514220281621939
}