isolated_labels	nmi_ari_cluster_labels_kmeans_nmi	nmi_ari_cluster_labels_kmeans_ari	silhouette_label	clisi_knn	silhouette_batch_b	ilisi_knn_b	kbet_per_label_b	pcr_comparison_b	silhouette_batch_m	ilisi_knn_m	kbet_per_label_m	graph_connectivity	pcr_comparison_m	Batch correction	Bio conservation	Modality integration	Total
0.6461268067359924	0.745868330962945	0.580148935060678	0.6641766577959061	0.9999999701976776	0.8971387147903442	0.4168800115585327	0.29892710715732684	0.0	0.801587700843811	0.6309161186218262	0.33017082126410346	0.8888615918993145	0.9898461045497529	0.403236458376551	0.7272641401506398	0.7282764674357616	0.6303595338039496
