isolated_labels	nmi_ari_cluster_labels_kmeans_nmi	nmi_ari_cluster_labels_kmeans_ari	silhouette_label	clisi_knn	silhouette_batch_b	ilisi_knn_b	kbet_per_label_b	pcr_comparison_b	silhouette_batch_m	ilisi_knn_m	kbet_per_label_m	graph_connectivity	pcr_comparison_m	Batch correction	Bio conservation	Modality integration	Total
0.6643441319465637	0.7182930415206089	0.550901475322317	0.6625950038433075	0.999999980131785	0.9111902713775635	0.3976161479949951	0.29640245098539486	0.0	0.8553584814071655	0.590256929397583	0.32891931329318697	0.9520997625964097	0.9873605613168913	0.40130221758948836	0.7192267265529164	0.7427990096022473	0.6309210587786873
