isolated_labels	nmi_ari_cluster_labels_kmeans_nmi	nmi_ari_cluster_labels_kmeans_ari	silhouette_label	clisi_knn	silhouette_batch_b	ilisi_knn_b	kbet_per_label_b	pcr_comparison_b	silhouette_batch_m	ilisi_knn_m	kbet_per_label_m	graph_connectivity	pcr_comparison_m	Batch correction	Bio conservation	Modality integration	Total
0.6613414287567139	0.780599193603927	0.6290172266541387	0.6716694384813309	0.999999980131785	0.897986650466919	0.4221078157424927	0.31629403303070186	0.0	0.8298566341400146	0.6594011783599854	0.38380324635587	0.9229479387174547	0.9877399714504125	0.40909712481002836	0.7485254535255791	0.7567497938047475	0.6491642569946643
