isolated_labels	nmi_ari_cluster_labels_kmeans_nmi	nmi_ari_cluster_labels_kmeans_ari	silhouette_label	clisi_knn	silhouette_batch_b	ilisi_knn_b	kbet_per_label_b	pcr_comparison_b	silhouette_batch_m	ilisi_knn_m	kbet_per_label_m	graph_connectivity	pcr_comparison_m	Batch correction	Bio conservation	Modality integration	Total
0.6462661027908325	0.7053768778582648	0.5495613510759173	0.6638945639133453	0.9999999701976776	0.8913599252700806	0.4389415979385376	0.3084954963791954	0.0	0.8116453886032104	0.687299370765686	0.43185327634507276	0.9256952949553201	0.9904287115499727	0.40969925489695336	0.7130197731672074	0.7693844084438525	0.6389330082691247
