isolated_labels	nmi_ari_cluster_labels_kmeans_nmi	nmi_ari_cluster_labels_kmeans_ari	silhouette_label	clisi_knn	silhouette_batch_b	ilisi_knn_b	kbet_per_label_b	pcr_comparison_b	silhouette_batch_m	ilisi_knn_m	kbet_per_label_m	graph_connectivity	pcr_comparison_m	Batch correction	Bio conservation	Modality integration	Total
0.6622232794761658	0.7328485948319589	0.5564314314468616	0.6426714211702347	0.999999980131785	0.9120975136756897	0.4037085771560669	0.30332040452249476	0.0	0.8746451139450073	0.638918399810791	0.4404352234263147	0.9146296461743051	0.9923564882339462	0.40478162383856287	0.7188349414114013	0.7721969743180728	0.6406275560115512
