isolated_labels	nmi_ari_cluster_labels_kmeans_nmi	nmi_ari_cluster_labels_kmeans_ari	silhouette_label	clisi_knn	silhouette_batch_b	ilisi_knn_b	kbet_per_label_b	pcr_comparison_b	silhouette_batch_m	ilisi_knn_m	kbet_per_label_m	graph_connectivity	pcr_comparison_m	Batch correction	Bio conservation	Modality integration	Total
0.6677672266960144	0.7393146255054462	0.5351798437403464	0.6854192316532135	0.999999980131785	0.8987799882888794	0.4370473623275757	0.3134374335175142	0.0	0.8553880453109741	0.5828666687011719	0.3115745320777617	0.9129199667968122	0.990519379359203	0.41231619603349234	0.7255361815453611	0.7306537184491846	0.6331054469629476
