isolated_labels	nmi_ari_cluster_labels_kmeans_nmi	nmi_ari_cluster_labels_kmeans_ari	silhouette_label	clisi_knn	silhouette_batch_b	ilisi_knn_b	kbet_per_label_b	pcr_comparison_b	silhouette_batch_m	ilisi_knn_m	kbet_per_label_m	graph_connectivity	pcr_comparison_m	Batch correction	Bio conservation	Modality integration	Total
0.6846800446510315	0.7441199760737899	0.5819428572372342	0.6577916890382767	0.999999980131785	0.9111687541007996	0.4113774299621582	0.3272974598377744	0.0	0.8699767589569092	0.5933369398117065	0.4017204775822707	0.951094948554781	0.9899733410450422	0.41246091097518306	0.7337069094264235	0.7612204931901418	0.6455871850201669
