isolated_labels	nmi_ari_cluster_labels_kmeans_nmi	nmi_ari_cluster_labels_kmeans_ari	silhouette_label	clisi_knn	silhouette_batch_b	ilisi_knn_b	kbet_per_label_b	pcr_comparison_b	silhouette_batch_m	ilisi_knn_m	kbet_per_label_m	graph_connectivity	pcr_comparison_m	Batch correction	Bio conservation	Modality integration	Total
0.6526695489883423	0.7543855621044953	0.5735473165347198	0.662520244717598	0.9999999701976776	0.8993762135505676	0.43634140491485596	0.3186839119499354	0.0	0.8032697439193726	0.6196842193603516	0.3319883442110566	0.9160720819165566	0.9880779187818443	0.41360038260383974	0.7286245285085666	0.7318184616378363	0.6350754646759295
