{
  "isolated_labels": 0.6526695489883423,
  "nmi_ari_cluster_labels_kmeans_nmi": 0.7543855621044953,
  "nmi_ari_cluster_labels_kmeans_ari": 0.5735473165347198,
  "silhouette_label": 0.662520244717598,
  "clisi_knn": 0.9999999701976776,
  "silhouette_batch_b": 0.8993762135505676,
  "ilisi_knn_b": 0.43634140491485596,
  "kbet_per_label_b": 0.3186839119499354,
  "pcr_comparison_b": 0.0,
  "silhouette_batch_m": 0.8032697439193726,
  "ilisi_knn_m": 0.6196842193603516,
  "kbet_per_label_m": 0.3319883442110566,
  "graph_connectivity": 0.9160720819165566,
  "pcr_comparison_m": 0.9880779187818443,
  "Batch correction": 0.41360038260383974,
  "Bio conservation": 0.7286245285085666,
  "Modality integration": 0.7318184616378363,
  "Total": 0.6350754646759295
}