isolated_labels	nmi_ari_cluster_labels_kmeans_nmi	nmi_ari_cluster_labels_kmeans_ari	silhouette_label	clisi_knn	silhouette_batch_b	ilisi_knn_b	kbet_per_label_b	pcr_comparison_b	silhouette_batch_m	ilisi_knn_m	kbet_per_label_m	graph_connectivity	pcr_comparison_m	Batch correction	Bio conservation	Modality integration	Total
0.636082112789154	0.7275576976228934	0.5433694740590522	0.6211833208799362	0.9999999701976776	0.9126074314117432	0.3672795295715332	0.24726705301890003	0.0	0.8524542450904846	0.35264694690704346	0.23020688205753745	0.897818711401574	0.9878122727679813	0.3817885035005441	0.7056385151097426	0.6641878116449241	0.5960483005875374
