isolated_labels	nmi_ari_cluster_labels_kmeans_nmi	nmi_ari_cluster_labels_kmeans_ari	silhouette_label	clisi_knn	silhouette_batch_b	ilisi_knn_b	kbet_per_label_b	pcr_comparison_b	silhouette_batch_m	ilisi_knn_m	kbet_per_label_m	graph_connectivity	pcr_comparison_m	Batch correction	Bio conservation	Modality integration	Total
0.6717649102210999	0.7521184148276585	0.5791680840146092	0.655426561832428	0.9999999701976776	0.9074326157569885	0.408602237701416	0.31532793250861907	0.0	0.8394749164581299	0.547358512878418	0.31508933531730293	0.9359042704727756	0.9880959574883241	0.4078406964917559	0.7316955882186946	0.7251845985229901	0.6325858237919018
