{
  "isolated_labels": 0.6717649102210999,
  "nmi_ari_cluster_labels_kmeans_nmi": 0.7521184148276585,
  "nmi_ari_cluster_labels_kmeans_ari": 0.5791680840146092,
  "silhouette_label": 0.655426561832428,
  "clisi_knn": 0.9999999701976776,
  "silhouette_batch_b": 0.9074326157569885,
  "ilisi_knn_b": 0.408602237701416,
  "kbet_per_label_b": 0.31532793250861907,
  "pcr_comparison_b": 0.0,
  "silhouette_batch_m": 0.8394749164581299,
  "ilisi_knn_m": 0.547358512878418,
  "kbet_per_label_m": 0.31508933531730293,
  "graph_connectivity": 0.9359042704727756,
  "pcr_comparison_m": 0.9880959574883241,
  "Batch correction": 0.4078406964917559,
  "Bio conservation": 0.7316955882186946,
  "Modality integration": 0.7251845985229901,
  "Total": 0.6325858237919018
}