isolated_labels	nmi_ari_cluster_labels_kmeans_nmi	nmi_ari_cluster_labels_kmeans_ari	silhouette_label	clisi_knn	silhouette_batch_b	ilisi_knn_b	kbet_per_label_b	pcr_comparison_b	silhouette_batch_m	ilisi_knn_m	kbet_per_label_m	graph_connectivity	pcr_comparison_m	Batch correction	Bio conservation	Modality integration	Total
0.6785094141960144	0.7221648056737167	0.5362606803998409	0.6667879968881607	0.999999980131785	0.9119266867637634	0.4255044460296631	0.331816663599318	0.0	0.8925418257713318	0.6548211574554443	0.4257067082727505	0.949611707611189	0.9901761542816767	0.41731194909818614	0.7207445754579035	0.7825715106784785	0.6482628681161609
