isolated_labels	nmi_ari_cluster_labels_kmeans_nmi	nmi_ari_cluster_labels_kmeans_ari	silhouette_label	clisi_knn	silhouette_batch_b	ilisi_knn_b	kbet_per_label_b	pcr_comparison_b	silhouette_batch_m	ilisi_knn_m	kbet_per_label_m	graph_connectivity	pcr_comparison_m	Batch correction	Bio conservation	Modality integration	Total
0.6385974884033203	0.7166495686286262	0.5368219174616933	0.6374835968017578	0.999999980131785	0.907332718372345	0.3885594606399536	0.2506785799421172	0.0	0.8448350429534912	0.5995523929595947	0.37370374301096665	0.9137290358522561	0.9898794666064565	0.38664268973860394	0.7059105102854365	0.744339936276553	0.6216589919187216
