isolated_labels	nmi_ari_cluster_labels_kmeans_nmi	nmi_ari_cluster_labels_kmeans_ari	silhouette_label	clisi_knn	silhouette_batch_b	ilisi_knn_b	kbet_per_label_b	pcr_comparison_b	silhouette_batch_m	ilisi_knn_m	kbet_per_label_m	graph_connectivity	pcr_comparison_m	Batch correction	Bio conservation	Modality integration	Total
0.6532535552978516	0.749897909816388	0.5586206153912427	0.6188594028353691	0.999999980131785	0.9171310067176819	0.3984018564224243	0.3177940016653343	0.0	0.9151383638381958	0.6792318820953369	0.4702857143352659	0.9492142031594057	0.9900211110814998	0.4083317162013601	0.7161262926945272	0.8007782549019409	0.6491835084088011
