isolated_labels	nmi_ari_cluster_labels_kmeans_nmi	nmi_ari_cluster_labels_kmeans_ari	silhouette_label	clisi_knn	silhouette_batch_b	ilisi_knn_b	kbet_per_label_b	pcr_comparison_b	silhouette_batch_m	ilisi_knn_m	kbet_per_label_m	graph_connectivity	pcr_comparison_m	Batch correction	Bio conservation	Modality integration	Total
0.6652905344963074	0.7471392520983624	0.5672009384637495	0.6473285406827927	0.999999980131785	0.911446213722229	0.3908202648162842	0.309751732432609	0.0	0.8643516898155212	0.598052978515625	0.38579041417179055	0.9306126957824609	0.9885993966784331	0.4030045527427806	0.7253918491745994	0.7534814349927661	0.6371025359905038
