isolated_labels	nmi_ari_cluster_labels_kmeans_nmi	nmi_ari_cluster_labels_kmeans_ari	silhouette_label	clisi_knn	silhouette_batch_b	ilisi_knn_b	kbet_per_label_b	pcr_comparison_b	silhouette_batch_m	ilisi_knn_m	kbet_per_label_m	graph_connectivity	pcr_comparison_m	Batch correction	Bio conservation	Modality integration	Total
0.6635105609893799	0.7424996768359439	0.5583483092987308	0.6734379231929779	0.999999980131785	0.9019625186920166	0.43640947341918945	0.32605882671203823	0.0	0.8571692109107971	0.6580829620361328	0.42160875823953153	0.918039686872131	0.9874828130493841	0.41610770470581104	0.7275592900897634	0.7684766862215954	0.6463990333141273
