isolated_labels	nmi_ari_cluster_labels_kmeans_nmi	nmi_ari_cluster_labels_kmeans_ari	silhouette_label	clisi_knn	silhouette_batch_b	ilisi_knn_b	kbet_per_label_b	pcr_comparison_b	silhouette_batch_m	ilisi_knn_m	kbet_per_label_m	graph_connectivity	pcr_comparison_m	Batch correction	Bio conservation	Modality integration	Total
0.6724674701690674	0.7114001466477368	0.47566599583869584	0.6433152109384537	0.9999999701976776	0.9110397696495056	0.420160174369812	0.31216842829607333	0.0	0.874127984046936	0.657916784286499	0.4256787309782745	0.9270978914961184	0.9896759735190753	0.4108420930788477	0.7005697587583263	0.7748994728653806	0.635950373286599
