isolated_labels	nmi_ari_cluster_labels_kmeans_nmi	nmi_ari_cluster_labels_kmeans_ari	silhouette_label	clisi_knn	silhouette_batch_b	ilisi_knn_b	kbet_per_label_b	pcr_comparison_b	silhouette_batch_m	ilisi_knn_m	kbet_per_label_m	graph_connectivity	pcr_comparison_m	Batch correction	Bio conservation	Modality integration	Total
0.6368721723556519	0.7926306801056083	0.748967201639669	0.6439050137996674	0.9999999701976776	0.8980159759521484	0.4047720432281494	0.30893490071800933	0.0	0.8264157176017761	0.6259673833847046	0.3216607839720063	0.9009094677104023	0.9916527666325421	0.4029307299745768	0.7644750076196548	0.7333212238602862	0.6466655891983208
