isolated_labels	nmi_ari_cluster_labels_kmeans_nmi	nmi_ari_cluster_labels_kmeans_ari	silhouette_label	clisi_knn	silhouette_batch_b	ilisi_knn_b	kbet_per_label_b	pcr_comparison_b	silhouette_batch_m	ilisi_knn_m	kbet_per_label_m	graph_connectivity	pcr_comparison_m	Batch correction	Bio conservation	Modality integration	Total
0.6679252982139587	0.7564857221080841	0.5869079937402379	0.642692431807518	0.999999980131785	0.9087972044944763	0.4084434509277344	0.31311797751236325	0.0	0.8802769780158997	0.6892858743667603	0.44758062368990853	0.9346263825980016	0.9904871770954994	0.40758965823364346	0.7308022852003166	0.7884514071532138	0.6511332336961838
