isolated_labels	nmi_ari_cluster_labels_kmeans_nmi	nmi_ari_cluster_labels_kmeans_ari	silhouette_label	clisi_knn	silhouette_batch_b	ilisi_knn_b	kbet_per_label_b	pcr_comparison_b	silhouette_batch_m	ilisi_knn_m	kbet_per_label_m	graph_connectivity	pcr_comparison_m	Batch correction	Bio conservation	Modality integration	Total
0.6369189023971558	0.7382473604932211	0.5983095703091593	0.6451447159051895	0.9999999701976776	0.8962731957435608	0.3884873390197754	0.3101397051091539	0.0	0.7982465028762817	0.4212453365325928	0.26508794662843627	0.927425333862491	0.9881198542420718	0.3987250599681225	0.7237241038604807	0.6800249948283748	0.6131146579831415
