isolated_labels	nmi_ari_cluster_labels_kmeans_nmi	nmi_ari_cluster_labels_kmeans_ari	silhouette_label	clisi_knn	silhouette_batch_b	ilisi_knn_b	kbet_per_label_b	pcr_comparison_b	silhouette_batch_m	ilisi_knn_m	kbet_per_label_m	graph_connectivity	pcr_comparison_m	Batch correction	Bio conservation	Modality integration	Total
0.6691361665725708	0.7847968976614546	0.6178411937432052	0.637748509645462	0.999999980131785	0.9082009792327881	0.4334677457809448	0.3250215964836491	0.003397073356084462	0.8633937239646912	0.6325318813323975	0.41576029646307167	0.9524102453827372	0.9903522048699276	0.4175218487133666	0.7419045495508956	0.770889670402565	0.6532852755551377
