isolated_labels	nmi_ari_cluster_labels_kmeans_nmi	nmi_ari_cluster_labels_kmeans_ari	silhouette_label	clisi_knn	silhouette_batch_b	ilisi_knn_b	kbet_per_label_b	pcr_comparison_b	silhouette_batch_m	ilisi_knn_m	kbet_per_label_m	graph_connectivity	pcr_comparison_m	Batch correction	Bio conservation	Modality integration	Total
0.6709367036819458	0.7604560643869821	0.611458186510663	0.6780354082584381	0.999999980131785	0.9049040079116821	0.409351110458374	0.29878546550492946	0.0	0.8543157577514648	0.5973577499389648	0.39595601750049586	0.9092257055504083	0.9904508390730866	0.4032601459687464	0.7441772685939628	0.7494612139628841	0.6434873154170743
