isolated_labels	nmi_ari_cluster_labels_kmeans_nmi	nmi_ari_cluster_labels_kmeans_ari	silhouette_label	clisi_knn	silhouette_batch_b	ilisi_knn_b	kbet_per_label_b	pcr_comparison_b	silhouette_batch_m	ilisi_knn_m	kbet_per_label_m	graph_connectivity	pcr_comparison_m	Batch correction	Bio conservation	Modality integration	Total
0.6405468583106995	0.7246800511040837	0.5613028721596586	0.6532097160816193	0.9999999701976776	0.8996881246566772	0.4237179756164551	0.30386353722060805	0.04376097111237397	0.8133420944213867	0.6185681819915771	0.39084651832045686	0.8898259366152173	0.9878577895848213	0.41775765215152855	0.7159478935707477	0.7400881041866919	0.6337328843297653
