isolated_labels	nmi_ari_cluster_labels_kmeans_nmi	nmi_ari_cluster_labels_kmeans_ari	silhouette_label	clisi_knn	silhouette_batch_b	ilisi_knn_b	kbet_per_label_b	pcr_comparison_b	silhouette_batch_m	ilisi_knn_m	kbet_per_label_m	graph_connectivity	pcr_comparison_m	Batch correction	Bio conservation	Modality integration	Total
0.6346938610076904	0.7188168517212878	0.5655350456245264	0.6400459110736847	0.9999999701976776	0.8996769785881042	0.3907891511917114	0.27568996290533376	0.0	0.8063231110572815	0.6014319658279419	0.35552818755199184	0.923331577989939	0.9906723069286038	0.39153902317128736	0.7118183279249733	0.7354574298711516	0.6228262670827209
