isolated_labels	nmi_ari_cluster_labels_kmeans_nmi	nmi_ari_cluster_labels_kmeans_ari	silhouette_label	clisi_knn	silhouette_batch_b	ilisi_knn_b	kbet_per_label_b	pcr_comparison_b	silhouette_batch_m	ilisi_knn_m	kbet_per_label_m	graph_connectivity	pcr_comparison_m	Batch correction	Bio conservation	Modality integration	Total
0.6595017910003662	0.7420628619591221	0.5607198304105734	0.6301031857728958	0.999999980131785	0.912869393825531	0.4043079614639282	0.3136491747824864	0.0	0.8787371516227722	0.6277670860290527	0.42040454243947367	0.9356697173794332	0.9910226121660496	0.4077066325179864	0.7184775298549485	0.7707202219273562	0.6409190682755822
