isolated_labels	nmi_ari_cluster_labels_kmeans_nmi	nmi_ari_cluster_labels_kmeans_ari	silhouette_label	clisi_knn	silhouette_batch_b	ilisi_knn_b	kbet_per_label_b	pcr_comparison_b	silhouette_batch_m	ilisi_knn_m	kbet_per_label_m	graph_connectivity	pcr_comparison_m	Batch correction	Bio conservation	Modality integration	Total
0.6217047572135925	0.7177353778148515	0.5856508775250133	0.6574780941009521	0.9999999701976776	0.8981298208236694	0.4175751209259033	0.28824473735514256	0.0	0.754813551902771	0.513075590133667	0.22439657552847894	0.9032355832281728	0.9908474041071169	0.4009874197761788	0.7165138153704175	0.6772737409800413	0.610083874375033
