{
  "isolated_labels": 0.6217047572135925,
  "nmi_ari_cluster_labels_kmeans_nmi": 0.7177353778148515,
  "nmi_ari_cluster_labels_kmeans_ari": 0.5856508775250133,
  "silhouette_label": 0.6574780941009521,
  "clisi_knn": 0.9999999701976776,
  "silhouette_batch_b": 0.8981298208236694,
  "ilisi_knn_b": 0.4175751209259033,
  "kbet_per_label_b": 0.28824473735514256,
  "pcr_comparison_b": 0.0,
  "silhouette_batch_m": 0.754813551902771,
  "ilisi_knn_m": 0.513075590133667,
  "kbet_per_label_m": 0.22439657552847894,
  "graph_connectivity": 0.9032355832281728,
  "pcr_comparison_m": 0.9908474041071169,
  "Batch correction": 0.4009874197761788,
  "Bio conservation": 0.7165138153704175,
  "Modality integration": 0.6772737409800413,
  "Total": 0.610083874375033
}