isolated_labels	nmi_ari_cluster_labels_kmeans_nmi	nmi_ari_cluster_labels_kmeans_ari	silhouette_label	clisi_knn	silhouette_batch_b	ilisi_knn_b	kbet_per_label_b	pcr_comparison_b	silhouette_batch_m	ilisi_knn_m	kbet_per_label_m	graph_connectivity	pcr_comparison_m	Batch correction	Bio conservation	Modality integration	Total
0.6679626107215881	0.75622775420824	0.5899265161007791	0.6593244522809982	0.999999980131785	0.9081716537475586	0.39001941680908203	0.3064725706277167	0.0	0.848978579044342	0.603374719619751	0.389487137107565	0.9284596808533959	0.9895357866764067	0.40116591029608933	0.734688262688678	0.7519671806602921	0.6398152323623856
