isolated_labels	nmi_ari_cluster_labels_kmeans_nmi	nmi_ari_cluster_labels_kmeans_ari	silhouette_label	clisi_knn	silhouette_batch_b	ilisi_knn_b	kbet_per_label_b	pcr_comparison_b	silhouette_batch_m	ilisi_knn_m	kbet_per_label_m	graph_connectivity	pcr_comparison_m	Batch correction	Bio conservation	Modality integration	Total
0.6580514907836914	0.7255231291873184	0.5389870338588464	0.6551328748464584	0.999999980131785	0.9093418717384338	0.38286542892456055	0.30325899659826533	0.0	0.8592222929000854	0.4707210063934326	0.3115591046016627	0.9303626370500502	0.9876605697392709	0.3988665743153149	0.7155389017616199	0.7119051221369004	0.6194470696403125
