isolated_labels	nmi_ari_cluster_labels_kmeans_nmi	nmi_ari_cluster_labels_kmeans_ari	silhouette_label	clisi_knn	silhouette_batch_b	ilisi_knn_b	kbet_per_label_b	pcr_comparison_b	silhouette_batch_m	ilisi_knn_m	kbet_per_label_m	graph_connectivity	pcr_comparison_m	Batch correction	Bio conservation	Modality integration	Total
0.6594425439834595	0.7459707591070812	0.5780567647347981	0.6598828881978989	0.999999980131785	0.9131787419319153	0.41084277629852295	0.30610744195932055	0.0	0.8271338939666748	0.3755500316619873	0.2628539566507255	0.9015632274805138	0.9878121384165243	0.4075322400474397	0.7286705872310045	0.6709826496352852	0.6150227017972193
