isolated_labels	nmi_ari_cluster_labels_kmeans_nmi	nmi_ari_cluster_labels_kmeans_ari	silhouette_label	clisi_knn	silhouette_batch_b	ilisi_knn_b	kbet_per_label_b	pcr_comparison_b	silhouette_batch_m	ilisi_knn_m	kbet_per_label_m	graph_connectivity	pcr_comparison_m	Batch correction	Bio conservation	Modality integration	Total
0.6419063210487366	0.7342833962702794	0.5633284517763635	0.6355785876512527	0.9999999701976776	0.9077525734901428	0.4055059552192688	0.3173952010094153	0.0	0.8580083847045898	0.6390305757522583	0.42849271646765685	0.9200473268750411	0.9897687812394655	0.4076634324297067	0.7150193453888619	0.7670695570078024	0.6384276349867974
