{
  "isolated_labels": 0.6891365051269531,
  "nmi_ari_cluster_labels_kmeans_nmi": 0.8103053749665915,
  "nmi_ari_cluster_labels_kmeans_ari": 0.8086515278005322,
  "silhouette_label": 0.6835242211818695,
  "clisi_knn": 0.999999980131785,
  "silhouette_batch_b": 0.9097156524658203,
  "ilisi_knn_b": 0.4071155786514282,
  "kbet_per_label_b": 0.32285737522822416,
  "pcr_comparison_b": 0.20132345895582042,
  "silhouette_batch_m": 0.8762505054473877,
  "ilisi_knn_m": 0.6322411298751831,
  "kbet_per_label_m": 0.445648659534874,
  "graph_connectivity": 0.9562788915644043,
  "pcr_comparison_m": 0.9910485209542691,
  "Batch correction": 0.4099221515863682,
  "Bio conservation": 0.7983235218415463,
  "Modality integration": 0.7802935414752237,
  "Total": 0.6763941166550961
}