isolated_labels	nmi_ari_cluster_labels_kmeans_nmi	nmi_ari_cluster_labels_kmeans_ari	silhouette_label	clisi_knn	silhouette_batch_b	ilisi_knn_b	kbet_per_label_b	pcr_comparison_b	silhouette_batch_m	ilisi_knn_m	kbet_per_label_m	graph_connectivity	pcr_comparison_m	Batch correction	Bio conservation	Modality integration	Total
0.6891365051269531	0.8103053749665915	0.8086515278005322	0.6835242211818695	0.999999980131785	0.9097156524658203	0.4071155786514282	0.32285737522822416	0.0	0.8762505054473877	0.6322411298751831	0.445648659534874	0.9562788915644043	0.9910485209542691	0.4099221515863682	0.7983235218415463	0.7802935414752237	0.6763941166550961
