{
  "isolated_labels": 0.6575920581817627,
  "nmi_ari_cluster_labels_kmeans_nmi": 0.75415640434151,
  "nmi_ari_cluster_labels_kmeans_ari": 0.5734944219027903,
  "silhouette_label": 0.622971348464489,
  "clisi_knn": 0.999999980131785,
  "silhouette_batch_b": 0.9094486236572266,
  "ilisi_knn_b": 0.3991281986236572,
  "kbet_per_label_b": 0.31312645949223433,
  "pcr_comparison_b": 0.0,
  "silhouette_batch_m": 0.8769893050193787,
  "ilisi_knn_m": 0.6145921945571899,
  "kbet_per_label_m": 0.4655691491354095,
  "graph_connectivity": 0.9165289416055059,
  "pcr_comparison_m": 0.9915029218625393,
  "Batch correction": 0.4054258204432795,
  "Bio conservation": 0.7216428426044674,
  "Modality integration": 0.7730365024360046,
  "Total": 0.6421958339055722
}