isolated_labels	nmi_ari_cluster_labels_kmeans_nmi	nmi_ari_cluster_labels_kmeans_ari	silhouette_label	clisi_knn	silhouette_batch_b	ilisi_knn_b	kbet_per_label_b	pcr_comparison_b	silhouette_batch_m	ilisi_knn_m	kbet_per_label_m	graph_connectivity	pcr_comparison_m	Batch correction	Bio conservation	Modality integration	Total
0.6575920581817627	0.75415640434151	0.5734944219027903	0.622971348464489	0.999999980131785	0.9094486236572266	0.3991281986236572	0.31312645949223433	0.0	0.8769893050193787	0.6145921945571899	0.4655691491354095	0.9165289416055059	0.9915029218625393	0.4054258204432795	0.7216428426044674	0.7730365024360046	0.6421958339055722
