isolated_labels	nmi_ari_cluster_labels_kmeans_nmi	nmi_ari_cluster_labels_kmeans_ari	silhouette_label	clisi_knn	silhouette_batch_b	ilisi_knn_b	kbet_per_label_b	pcr_comparison_b	silhouette_batch_m	ilisi_knn_m	kbet_per_label_m	graph_connectivity	pcr_comparison_m	Batch correction	Bio conservation	Modality integration	Total
0.6895204782485962	0.7550493748266627	0.5705628922724579	0.6810926198959351	0.999999980131785	0.9066182374954224	0.43619561195373535	0.33413937010218275	0.0	0.8862918019294739	0.6386642456054688	0.4541792095001158	0.9558157700071658	0.9890415586545699	0.4192383048878351	0.7392450690750874	0.7847985171393589	0.6569090742381931
