isolated_labels	nmi_ari_cluster_labels_kmeans_nmi	nmi_ari_cluster_labels_kmeans_ari	silhouette_label	clisi_knn	silhouette_batch_b	ilisi_knn_b	kbet_per_label_b	pcr_comparison_b	silhouette_batch_m	ilisi_knn_m	kbet_per_label_m	graph_connectivity	pcr_comparison_m	Batch correction	Bio conservation	Modality integration	Total
0.6777952909469604	0.7527351760653755	0.571414250609414	0.6678185015916824	0.999999980131785	0.9094655513763428	0.429538369178772	0.322408197269216	0.0	0.8779661655426025	0.6343173980712891	0.4104638905527277	0.9517320426169731	0.9904547724952641	0.41535302945608266	0.7339526398690435	0.7729868538557711	0.6500830209411735
