isolated_labels	nmi_ari_cluster_labels_kmeans_nmi	nmi_ari_cluster_labels_kmeans_ari	silhouette_label	clisi_knn	silhouette_batch_b	ilisi_knn_b	kbet_per_label_b	pcr_comparison_b	silhouette_batch_m	ilisi_knn_m	kbet_per_label_m	graph_connectivity	pcr_comparison_m	Batch correction	Bio conservation	Modality integration	Total
0.6699998378753662	0.7535789272382035	0.5723355432450375	0.649625152349472	0.999999980131785	0.9157133102416992	0.38699871301651	0.282238085827849	0.0	0.8633595705032349	0.5433281660079956	0.3619822182978543	0.9288835492543366	0.9897026115281553	0.39623752727151457	0.7291078881679729	0.7374512231183153	0.6317497803841381
