isolated_labels	nmi_ari_cluster_labels_kmeans_nmi	nmi_ari_cluster_labels_kmeans_ari	silhouette_label	clisi_knn	silhouette_batch_b	ilisi_knn_b	kbet_per_label_b	pcr_comparison_b	silhouette_batch_m	ilisi_knn_m	kbet_per_label_m	graph_connectivity	pcr_comparison_m	Batch correction	Bio conservation	Modality integration	Total
0.673636794090271	0.7574373168251672	0.5831080263322123	0.6546893119812012	0.999999980131785	0.9142709970474243	0.3819594979286194	0.2945407982735229	0.0	0.852134644985199	0.4562826156616211	0.3553839607186668	0.9318571666032374	0.9890847194648339	0.39769282331239164	0.7337742858721273	0.7169486214867116	0.6279021477885819
