isolated_labels	nmi_ari_cluster_labels_kmeans_nmi	nmi_ari_cluster_labels_kmeans_ari	silhouette_label	clisi_knn	silhouette_batch_b	ilisi_knn_b	kbet_per_label_b	pcr_comparison_b	silhouette_batch_m	ilisi_knn_m	kbet_per_label_m	graph_connectivity	pcr_comparison_m	Batch correction	Bio conservation	Modality integration	Total
0.6701065897941589	0.7901022132889967	0.6712277936949099	0.6554330289363861	0.999999980131785	0.9096852540969849	0.40511155128479004	0.3178199405395804	0.0	0.8617562055587769	0.5750889778137207	0.40237297903844726	0.9255024617188045	0.9878346657566249	0.40815418648033885	0.7573739211692473	0.7505110579772748	0.650549141804983
