{
  "isolated_labels": 0.669167160987854,
  "nmi_ari_cluster_labels_kmeans_nmi": 0.743869031821317,
  "nmi_ari_cluster_labels_kmeans_ari": 0.5622548376177005,
  "silhouette_label": 0.6389681845903397,
  "clisi_knn": 0.999999980131785,
  "silhouette_batch_b": 0.9118653535842896,
  "ilisi_knn_b": 0.4009981155395508,
  "kbet_per_label_b": 0.3083460758107191,
  "pcr_comparison_b": 0.0076012674192489395,
  "silhouette_batch_m": 0.8821513652801514,
  "ilisi_knn_m": 0.6393654346466064,
  "kbet_per_label_m": 0.40267887001761926,
  "graph_connectivity": 0.935868433902341,
  "pcr_comparison_m": 0.9893447607567668,
  "Batch correction": 0.4072027030884521,
  "Bio conservation": 0.7228518390297992,
  "Modality integration": 0.7698817729206969,
  "Total": 0.6422660784146644
}