isolated_labels	nmi_ari_cluster_labels_kmeans_nmi	nmi_ari_cluster_labels_kmeans_ari	silhouette_label	clisi_knn	silhouette_batch_b	ilisi_knn_b	kbet_per_label_b	pcr_comparison_b	silhouette_batch_m	ilisi_knn_m	kbet_per_label_m	graph_connectivity	pcr_comparison_m	Batch correction	Bio conservation	Modality integration	Total
0.669167160987854	0.743869031821317	0.5622548376177005	0.6389681845903397	0.999999980131785	0.9118653535842896	0.4009981155395508	0.3083460758107191	0.0076012674192489395	0.8821513652801514	0.6393654346466064	0.40267887001761926	0.935868433902341	0.9893447607567668	0.4072027030884521	0.7228518390297992	0.7698817729206969	0.6422660784146644
