isolated_labels	nmi_ari_cluster_labels_kmeans_nmi	nmi_ari_cluster_labels_kmeans_ari	silhouette_label	clisi_knn	silhouette_batch_b	ilisi_knn_b	kbet_per_label_b	pcr_comparison_b	silhouette_batch_m	ilisi_knn_m	kbet_per_label_m	graph_connectivity	pcr_comparison_m	Batch correction	Bio conservation	Modality integration	Total
0.679527223110199	0.7691926396227013	0.5761836186883406	0.6617501974105835	0.999999980131785	0.9081099033355713	0.4210171699523926	0.33628312257941345	0.0	0.8689333200454712	0.673454999923706	0.4298928675213021	0.9436310376041022	0.991284363606349	0.4163525489668443	0.7373307317927218	0.7814393177401862	0.6542698527291979
