isolated_labels	nmi_ari_cluster_labels_kmeans_nmi	nmi_ari_cluster_labels_kmeans_ari	silhouette_label	clisi_knn	silhouette_batch_b	ilisi_knn_b	kbet_per_label_b	pcr_comparison_b	silhouette_batch_m	ilisi_knn_m	kbet_per_label_m	graph_connectivity	pcr_comparison_m	Batch correction	Bio conservation	Modality integration	Total
0.6635670065879822	0.7740543038433111	0.6080218859569859	0.6725012511014938	0.999999980131785	0.8995434641838074	0.4395710825920105	0.3428223287731162	0.0	0.8587984442710876	0.660150408744812	0.40167836729936446	0.9531209909020736	0.9883460300640101	0.42048421888723353	0.7436288855243116	0.7724188482562695	0.6553224743527755
