{
  "isolated_labels": 0.6635670065879822,
  "nmi_ari_cluster_labels_kmeans_nmi": 0.7740543038433111,
  "nmi_ari_cluster_labels_kmeans_ari": 0.6080218859569859,
  "silhouette_label": 0.6725012511014938,
  "clisi_knn": 0.999999980131785,
  "silhouette_batch_b": 0.8995434641838074,
  "ilisi_knn_b": 0.4395710825920105,
  "kbet_per_label_b": 0.3428223287731162,
  "pcr_comparison_b": 0.0,
  "silhouette_batch_m": 0.8587984442710876,
  "ilisi_knn_m": 0.660150408744812,
  "kbet_per_label_m": 0.40167836729936446,
  "graph_connectivity": 0.9531209909020736,
  "pcr_comparison_m": 0.9883460300640101,
  "Batch correction": 0.42048421888723353,
  "Bio conservation": 0.7436288855243116,
  "Modality integration": 0.7724188482562695,
  "Total": 0.6553224743527755
}