isolated_labels	nmi_ari_cluster_labels_kmeans_nmi	nmi_ari_cluster_labels_kmeans_ari	silhouette_label	clisi_knn	silhouette_batch_b	ilisi_knn_b	kbet_per_label_b	pcr_comparison_b	silhouette_batch_m	ilisi_knn_m	kbet_per_label_m	graph_connectivity	pcr_comparison_m	Batch correction	Bio conservation	Modality integration	Total
0.6350412368774414	0.7038976269044834	0.5378688986454376	0.6540415734052658	0.9999999701976776	0.9057474136352539	0.4128239154815674	0.28553879177925867	0.0	0.8875378370285034	0.43094050884246826	0.3037355224307468	0.9469338618834223	0.9929962059342761	0.40102753022402	0.7061698612060612	0.7124287872238834	0.6165048397167954
