{
  "isolated_labels": 0.6350412368774414,
  "nmi_ari_cluster_labels_kmeans_nmi": 0.7038976269044834,
  "nmi_ari_cluster_labels_kmeans_ari": 0.5378688986454376,
  "silhouette_label": 0.6540415734052658,
  "clisi_knn": 0.9999999701976776,
  "silhouette_batch_b": 0.9057474136352539,
  "ilisi_knn_b": 0.4128239154815674,
  "kbet_per_label_b": 0.28553879177925867,
  "pcr_comparison_b": 0.0,
  "silhouette_batch_m": 0.8875378370285034,
  "ilisi_knn_m": 0.43094050884246826,
  "kbet_per_label_m": 0.3037355224307468,
  "graph_connectivity": 0.9469338618834223,
  "pcr_comparison_m": 0.9929962059342761,
  "Batch correction": 0.40102753022402,
  "Bio conservation": 0.7061698612060612,
  "Modality integration": 0.7124287872238834,
  "Total": 0.6165048397167954
}